reading_id,district,signal_strength,district_code
R0001,fazakerley,72.841,893192
R0002,allerton,69.575,641044
R0003,huyton,70.253,646081
R0004,maghull,71.452,179585
R0005,knotty_ash,72.501,256746
R0006,broadgreen,70.466,109899
R0007,knotty_ash,70.036,256746
R0008,garston,74.032,469591
R0009,kirkdale,71.607,583295
R0010,wavertree,70.285,590436
R0011,kirkdale,70.727,583295
R0012,prescot,72.842,867875
R0013,maghull,71.279,179585
R0014,kirkdale,72.738,583295
R0015,kirkby,69.769,675976
R0016,kirkdale,70.746,583295
R0017,maghull,69.752,179585
R0018,broadgreen,70.773,109899
R0019,huyton,70.939,646081
R0020,maghull,70.604,179585
R0021,broadgreen,70.395,109899
R0022,fazakerley,71.269,893192
R0023,huyton,70.069,646081
R0024,childwall,69.778,264601
R0025,maghull,71.719,179585
R0026,everton,71.390,854444
R0027,old_swan,70.559,450994
R0028,crosby,71.112,689806
R0029,prescot,70.184,867875
R0030,wavertree,70.970,590436
R0031,kirkby,70.682,675976
R0032,huyton,70.941,646081
R0033,everton,72.947,854444
R0034,childwall,70.826,264601
R0035,sefton_park,71.725,403761
R0036,huyton,71.811,646081
R0037,mossley_hill,70.770,441561
R0038,birkenhead,70.873,959364
R0039,toxteth,70.710,320091
R0040,childwall,70.672,264601
R0041,allerton,69.933,641044
R0042,bootle,69.305,172515
R0043,maghull,69.874,179585
R0044,maghull,70.760,179585
R0045,wavertree,72.613,590436
R0046,childwall,72.133,264601
R0047,prescot,71.705,867875
R0048,childwall,71.261,264601
R0049,garston,71.598,469591
R0050,old_swan,70.995,450994
R0051,woolton,70.763,885148
R0052,huyton,69.839,646081
R0053,everton,70.682,854444
R0054,broadgreen,70.676,109899
R0055,childwall,70.154,264601
R0056,kirkby,72.195,675976
R0057,childwall,67.849,264601
R0058,huyton,69.347,646081
R0059,woolton,70.163,885148
R0060,fazakerley,71.489,893192
R0061,allerton,70.250,641044
R0062,toxteth,71.867,320091
R0063,mossley_hill,69.461,441561
R0064,fazakerley,71.759,893192
R0065,wavertree,71.937,590436
R0066,aigburth,70.496,198018
R0067,maghull,70.766,179585
R0068,kirkdale,71.106,583295
R0069,toxteth,69.784,320091
R0070,maghull,70.604,179585
R0071,woolton,70.492,885148
R0072,allerton,72.070,641044
R0073,speke,69.236,713474
R0074,woolton,70.887,885148
R0075,allerton,69.067,641044
R0076,knotty_ash,68.278,256746
R0077,woolton,70.310,885148
R0078,everton,71.730,854444
R0079,kirkdale,72.046,583295
R0080,kirkby,72.185,675976
R0081,kirkdale,72.656,583295
R0082,kirkby,71.131,675976
R0083,sefton_park,71.304,403761
R0084,west_derby,69.597,149963
R0085,anfield,70.013,904697
R0086,woolton,70.547,885148
R0087,old_swan,70.899,450994
R0088,kirkby,69.549,675976
R0089,wavertree,71.168,590436
R0090,childwall,69.989,264601
R0091,woolton,71.499,885148
R0092,wavertree,71.445,590436
R0093,old_swan,70.338,450994
R0094,garston,70.233,469591
R0095,huyton,70.381,646081
R0096,knotty_ash,72.606,256746
R0097,kirkby,69.844,675976
R0098,birkenhead,71.866,959364
R0099,west_derby,72.343,149963
R0100,huyton,70.323,646081
R0101,fazakerley,71.141,893192
R0102,anfield,70.437,904697
R0103,broadgreen,72.400,109899
R0104,sefton_park,72.074,403761
R0105,toxteth,69.266,320091
R0106,huyton,70.193,646081
R0107,kirkdale,70.774,583295
R0108,old_swan,71.509,450994
R0109,broadgreen,70.094,109899
R0110,allerton,71.229,641044
R0111,aigburth,71.005,198018
R0112,everton,70.978,854444
R0113,fazakerley,70.550,893192
R0114,west_derby,68.954,149963
R0115,garston,70.117,469591
R0116,wavertree,70.104,590436
R0117,wavertree,71.670,590436
R0118,crosby,71.305,689806
R0119,childwall,70.144,264601
R0120,garston,70.669,469591
R0121,wavertree,69.870,590436
R0122,woolton,70.516,885148
R0123,woolton,70.167,885148
R0124,old_swan,70.815,450994
R0125,anfield,70.668,904697
R0126,maghull,71.214,179585
R0127,aigburth,69.550,198018
R0128,allerton,69.700,641044
R0129,sefton_park,70.486,403761
R0130,bootle,71.313,172515
R0131,kirkby,70.661,675976
R0132,maghull,70.960,179585
R0133,speke,69.738,713474
R0134,aigburth,69.867,198018
R0135,speke,71.737,713474
R0136,sefton_park,70.773,403761
R0137,allerton,71.397,641044
R0138,knotty_ash,69.865,256746
R0139,kirkdale,70.736,583295
R0140,bootle,71.734,172515
R0141,kirkby,69.936,675976
R0142,wavertree,70.009,590436
R0143,garston,69.453,469591
R0144,fazakerley,70.829,893192
R0145,west_derby,68.067,149963
R0146,garston,70.617,469591
R0147,sefton_park,69.729,403761
R0148,kirkby,70.925,675976
R0149,bootle,70.844,172515
R0150,sefton_park,67.572,403761
R0151,bootle,68.772,172515
R0152,woolton,69.831,885148
R0153,garston,71.080,469591
R0154,everton,71.741,854444
R0155,bootle,69.285,172515
R0156,mossley_hill,71.595,441561
R0157,wavertree,70.034,590436
R0158,old_swan,68.533,450994
R0159,allerton,70.307,641044
R0160,bootle,72.171,172515
R0161,knotty_ash,71.161,256746
R0162,wavertree,71.118,590436
R0163,broadgreen,72.358,109899
R0164,knotty_ash,72.475,256746
R0165,old_swan,68.792,450994
R0166,huyton,70.464,646081
R0167,mossley_hill,69.119,441561
R0168,bootle,69.887,172515
R0169,west_derby,71.013,149963
R0170,kirkdale,72.581,583295
R0171,toxteth,69.228,320091
R0172,anfield,71.271,904697
R0173,kirkby,70.214,675976
R0174,birkenhead,71.491,959364
R0175,huyton,71.411,646081
R0176,wavertree,70.800,590436
R0177,sefton_park,69.423,403761
R0178,kirkdale,68.320,583295
R0179,broadgreen,71.698,109899
R0180,wavertree,71.938,590436
R0181,allerton,69.833,641044
R0182,garston,71.082,469591
R0183,anfield,70.671,904697
R0184,crosby,68.496,689806
R0185,anfield,70.666,904697
R0186,maghull,70.004,179585
R0187,broadgreen,70.354,109899
R0188,mossley_hill,72.561,441561
R0189,fazakerley,70.971,893192
R0190,bootle,70.456,172515
R0191,garston,71.710,469591
R0192,woolton,70.401,885148
R0193,prescot,71.731,867875
R0194,everton,71.343,854444
R0195,kirkdale,71.116,583295
R0196,everton,70.749,854444
R0197,kirkby,71.552,675976
R0198,crosby,70.621,689806
R0199,sefton_park,70.253,403761
R0200,maghull,69.018,179585
R0201,knotty_ash,69.103,256746
R0202,sefton_park,72.045,403761
R0203,sefton_park,71.436,403761
R0204,garston,70.734,469591
R0205,allerton,72.443,641044
R0206,birkenhead,71.703,959364
R0207,wavertree,69.738,590436
R0208,toxteth,70.311,320091
R0209,garston,70.087,469591
R0210,garston,71.526,469591
R0211,bootle,69.994,172515
R0212,aigburth,72.588,198018
R0213,speke,70.278,713474
R0214,west_derby,69.715,149963
R0215,everton,71.618,854444
R0216,fazakerley,72.056,893192
R0217,knotty_ash,72.481,256746
R0218,sefton_park,71.049,403761
R0219,speke,68.436,713474
R0220,wavertree,70.870,590436
R0221,fazakerley,72.104,893192
R0222,speke,69.546,713474
R0223,garston,70.769,469591
R0224,broadgreen,71.790,109899
R0225,speke,73.174,713474
R0226,woolton,69.751,885148
R0227,kirkdale,71.328,583295
R0228,knotty_ash,73.106,256746
R0229,maghull,69.045,179585
R0230,speke,69.189,713474
R0231,aigburth,69.816,198018
R0232,aigburth,69.113,198018
R0233,maghull,70.316,179585
R0234,prescot,70.697,867875
R0235,knotty_ash,69.948,256746
R0236,everton,69.528,854444
R0237,west_derby,71.032,149963
R0238,huyton,69.257,646081
R0239,speke,68.930,713474
R0240,bootle,69.439,172515
R0241,speke,71.121,713474
R0242,bootle,72.739,172515
R0243,aigburth,70.504,198018
R0244,wavertree,70.928,590436
R0245,sefton_park,70.951,403761
R0246,fazakerley,72.113,893192
R0247,anfield,69.571,904697
R0248,childwall,71.069,264601
R0249,aigburth,70.841,198018
R0250,old_swan,70.607,450994
R0251,toxteth,71.805,320091
R0252,birkenhead,70.289,959364
R0253,allerton,69.533,641044
R0254,crosby,72.507,689806
R0255,sefton_park,71.366,403761
R0256,allerton,69.682,641044
R0257,maghull,70.849,179585
R0258,knotty_ash,71.420,256746
R0259,woolton,70.661,885148
R0260,crosby,70.501,689806
R0261,maghull,69.989,179585
R0262,west_derby,68.979,149963
R0263,fazakerley,70.207,893192
R0264,woolton,69.269,885148
R0265,mossley_hill,68.801,441561
R0266,speke,71.069,713474
R0267,toxteth,69.566,320091
R0268,knotty_ash,70.048,256746
R0269,woolton,70.561,885148
R0270,aigburth,70.442,198018
R0271,sefton_park,71.672,403761
R0272,birkenhead,70.832,959364
R0273,maghull,72.528,179585
R0274,prescot,70.422,867875
R0275,bootle,72.832,172515
R0276,fazakerley,71.335,893192
R0277,mossley_hill,73.758,441561
R0278,wavertree,69.632,590436
R0279,aigburth,71.471,198018
R0280,wavertree,71.120,590436
R0281,birkenhead,70.114,959364
R0282,aigburth,70.454,198018
R0283,huyton,70.093,646081
R0284,garston,71.018,469591
R0285,wavertree,70.938,590436
R0286,toxteth,70.164,320091
R0287,toxteth,70.520,320091
R0288,crosby,70.558,689806
R0289,toxteth,70.725,320091
R0290,huyton,70.625,646081
R0291,birkenhead,70.953,959364
R0292,knotty_ash,71.377,256746
R0293,bootle,71.463,172515
R0294,speke,70.770,713474
R0295,kirkby,70.401,675976
R0296,birkenhead,71.099,959364
R0297,crosby,70.649,689806
R0298,kirkby,70.185,675976
R0299,bootle,70.095,172515
R0300,maghull,71.215,179585
R0301,west_derby,71.116,149963
R0302,speke,69.693,713474
R0303,kirkdale,69.821,583295
R0304,prescot,69.364,867875
R0305,sefton_park,70.189,403761
R0306,kirkby,68.505,675976
R0307,everton,72.700,854444
R0308,kirkby,71.703,675976
R0309,prescot,71.958,867875
R0310,toxteth,69.903,320091
R0311,old_swan,71.813,450994
R0312,mossley_hill,71.489,441561
R0313,childwall,71.133,264601
R0314,old_swan,71.194,450994
R0315,broadgreen,71.720,109899
R0316,crosby,71.805,689806
R0317,garston,69.721,469591
R0318,kirkby,70.988,675976
R0319,huyton,69.432,646081
R0320,aigburth,69.777,198018
R0321,sefton_park,69.018,403761
R0322,maghull,71.236,179585
R0323,birkenhead,71.872,959364
R0324,huyton,70.569,646081
R0325,bootle,71.537,172515
R0326,kirkby,69.807,675976
R0327,maghull,70.301,179585
R0328,toxteth,69.989,320091
R0329,speke,69.499,713474
R0330,fazakerley,70.626,893192
R0331,knotty_ash,70.334,256746
R0332,mossley_hill,69.400,441561
R0333,wavertree,71.248,590436
R0334,birkenhead,71.486,959364
R0335,aigburth,69.415,198018
R0336,anfield,70.382,904697
R0337,mossley_hill,70.806,441561
R0338,huyton,70.035,646081
R0339,kirkby,70.894,675976
R0340,childwall,69.462,264601
R0341,childwall,70.353,264601
R0342,wavertree,69.511,590436
R0343,woolton,70.839,885148
R0344,woolton,70.403,885148
R0345,birkenhead,71.458,959364
R0346,mossley_hill,70.905,441561
R0347,broadgreen,70.253,109899
R0348,mossley_hill,72.599,441561
R0349,everton,69.131,854444
R0350,speke,70.033,713474
R0351,crosby,69.373,689806
R0352,birkenhead,69.824,959364
R0353,old_swan,72.002,450994
R0354,aigburth,71.499,198018
R0355,kirkby,72.172,675976
R0356,west_derby,70.549,149963
R0357,speke,68.793,713474
R0358,fazakerley,69.557,893192
R0359,mossley_hill,70.652,441561
R0360,speke,69.767,713474
R0361,aigburth,73.238,198018
R0362,anfield,70.635,904697
R0363,toxteth,70.892,320091
R0364,toxteth,70.434,320091
R0365,prescot,70.855,867875
R0366,prescot,70.899,867875
R0367,crosby,69.849,689806
R0368,broadgreen,70.282,109899
R0369,maghull,69.842,179585
R0370,broadgreen,71.633,109899
R0371,speke,69.591,713474
R0372,mossley_hill,71.026,441561
R0373,birkenhead,70.837,959364
R0374,kirkby,72.201,675976
R0375,aigburth,70.194,198018
R0376,allerton,70.289,641044
R0377,prescot,70.690,867875
R0378,kirkdale,69.317,583295
R0379,kirkdale,70.913,583295
R0380,birkenhead,69.140,959364
R0381,crosby,71.189,689806
R0382,maghull,70.263,179585
R0383,sefton_park,69.441,403761
R0384,broadgreen,69.850,109899
R0385,wavertree,72.169,590436
R0386,crosby,71.610,689806
R0387,sefton_park,69.672,403761
R0388,everton,70.156,854444
R0389,speke,70.603,713474
R0390,anfield,70.215,904697
R0391,kirkby,69.587,675976
R0392,old_swan,71.170,450994
R0393,west_derby,71.781,149963
R0394,mossley_hill,69.969,441561
R0395,anfield,74.198,904697
R0396,anfield,69.593,904697
R0397,wavertree,72.427,590436
R0398,maghull,68.969,179585
R0399,kirkby,70.911,675976
R0400,broadgreen,71.631,109899
R0401,crosby,69.662,689806
R0402,knotty_ash,70.402,256746
R0403,huyton,71.359,646081
R0404,bootle,71.391,172515
R0405,prescot,71.428,867875
R0406,birkenhead,70.836,959364
R0407,speke,68.272,713474
R0408,garston,72.009,469591
R0409,garston,72.118,469591
R0410,toxteth,69.270,320091
R0411,allerton,70.532,641044
R0412,kirkdale,72.538,583295
R0413,sefton_park,71.836,403761
R0414,prescot,69.687,867875
R0415,speke,70.582,713474
R0416,crosby,70.416,689806
R0417,mossley_hill,70.162,441561
R0418,garston,70.349,469591
R0419,kirkdale,69.277,583295
R0420,allerton,70.393,641044
R0421,mossley_hill,69.361,441561
R0422,knotty_ash,70.841,256746
R0423,sefton_park,73.149,403761
R0424,west_derby,70.605,149963
R0425,kirkby,70.196,675976
R0426,toxteth,71.795,320091
R0427,garston,69.541,469591
R0428,speke,68.452,713474
R0429,prescot,70.265,867875
R0430,childwall,70.939,264601
R0431,toxteth,69.700,320091
R0432,prescot,69.954,867875
R0433,maghull,71.516,179585
R0434,knotty_ash,71.555,256746
R0435,old_swan,71.656,450994
R0436,knotty_ash,71.851,256746
R0437,woolton,69.606,885148
R0438,wavertree,69.865,590436
R0439,huyton,71.259,646081
R0440,prescot,71.754,867875
R0441,knotty_ash,71.246,256746
R0442,woolton,69.938,885148
R0443,everton,70.132,854444
R0444,bootle,72.191,172515
R0445,aigburth,69.957,198018
R0446,west_derby,72.178,149963
R0447,mossley_hill,69.609,441561
R0448,everton,72.047,854444
R0449,aigburth,70.807,198018
R0450,birkenhead,69.845,959364
R0451,fazakerley,71.241,893192
R0452,bootle,71.577,172515
R0453,broadgreen,72.799,109899
R0454,anfield,69.315,904697
R0455,old_swan,70.744,450994
R0456,fazakerley,72.838,893192
R0457,knotty_ash,71.635,256746
R0458,old_swan,70.163,450994
R0459,birkenhead,71.481,959364
R0460,everton,71.783,854444
R0461,sefton_park,71.722,403761
R0462,toxteth,68.215,320091
R0463,anfield,71.808,904697
R0464,aigburth,69.172,198018
R0465,toxteth,69.323,320091
R0466,aigburth,70.531,198018
R0467,woolton,69.825,885148
R0468,childwall,70.923,264601
R0469,everton,70.183,854444
R0470,speke,69.003,713474
R0471,knotty_ash,72.487,256746
R0472,huyton,70.098,646081
R0473,birkenhead,70.802,959364
R0474,kirkdale,71.769,583295
R0475,childwall,70.292,264601
R0476,wavertree,71.169,590436
R0477,crosby,69.845,689806
R0478,toxteth,70.670,320091
R0479,anfield,71.747,904697
R0480,anfield,69.762,904697
R0481,kirkdale,69.165,583295
R0482,broadgreen,71.525,109899
R0483,old_swan,69.056,450994
R0484,fazakerley,70.631,893192
R0485,knotty_ash,72.006,256746
R0486,speke,71.397,713474
R0487,kirkdale,72.885,583295
R0488,west_derby,69.990,149963
R0489,kirkdale,70.678,583295
R0490,childwall,69.526,264601
R0491,wavertree,71.546,590436
R0492,old_swan,70.486,450994
R0493,birkenhead,71.268,959364
R0494,crosby,71.433,689806
R0495,allerton,72.342,641044
R0496,bootle,70.420,172515
R0497,garston,71.199,469591
R0498,allerton,69.693,641044
R0499,kirkby,69.351,675976
R0500,broadgreen,70.300,109899
R0501,sefton_park,70.170,403761
R0502,wavertree,71.470,590436
R0503,everton,69.214,854444
R0504,speke,69.550,713474
R0505,speke,69.380,713474
R0506,west_derby,70.931,149963
R0507,west_derby,69.240,149963
R0508,mossley_hill,70.672,441561
R0509,crosby,70.071,689806
R0510,garston,72.456,469591
R0511,kirkby,69.646,675976
R0512,speke,70.221,713474
R0513,fazakerley,71.665,893192
R0514,toxteth,70.377,320091
R0515,kirkdale,71.315,583295
R0516,mossley_hill,71.563,441561
R0517,garston,72.673,469591
R0518,mossley_hill,69.605,441561
R0519,toxteth,71.314,320091
R0520,broadgreen,70.354,109899
R0521,allerton,69.267,641044
R0522,everton,72.159,854444
R0523,sefton_park,68.216,403761
R0524,maghull,70.762,179585
R0525,kirkdale,70.972,583295
R0526,broadgreen,70.889,109899
R0527,childwall,71.112,264601
R0528,mossley_hill,70.975,441561
R0529,speke,71.014,713474
R0530,knotty_ash,71.933,256746
R0531,everton,70.189,854444
R0532,crosby,71.284,689806
R0533,allerton,71.421,641044
R0534,birkenhead,70.892,959364
R0535,anfield,71.525,904697
R0536,childwall,69.454,264601
R0537,fazakerley,69.318,893192
R0538,maghull,71.328,179585
R0539,west_derby,70.287,149963
R0540,crosby,71.441,689806
R0541,toxteth,70.894,320091
R0542,toxteth,71.422,320091
R0543,childwall,71.027,264601
R0544,toxteth,69.258,320091
R0545,speke,69.509,713474
R0546,speke,72.223,713474
R0547,everton,71.682,854444
R0548,crosby,70.417,689806
R0549,speke,69.882,713474
R0550,allerton,69.039,641044
R0551,childwall,71.437,264601
R0552,anfield,69.997,904697
R0553,west_derby,68.437,149963
R0554,anfield,70.333,904697
R0555,wavertree,71.276,590436
R0556,woolton,71.007,885148
R0557,west_derby,70.509,149963
R0558,west_derby,70.258,149963
R0559,kirkdale,70.241,583295
R0560,anfield,70.825,904697
R0561,sefton_park,70.544,403761
R0562,childwall,70.162,264601
R0563,garston,70.553,469591
R0564,anfield,70.545,904697
R0565,knotty_ash,72.216,256746
R0566,toxteth,70.534,320091
R0567,old_swan,69.670,450994
R0568,birkenhead,69.803,959364
R0569,crosby,70.214,689806
R0570,knotty_ash,71.168,256746
R0571,kirkdale,72.100,583295
R0572,everton,70.537,854444
R0573,prescot,69.979,867875
R0574,allerton,69.780,641044
R0575,sefton_park,69.723,403761
R0576,bootle,70.962,172515
R0577,childwall,70.185,264601
R0578,prescot,71.535,867875
R0579,mossley_hill,70.932,441561
R0580,crosby,71.380,689806
R0581,woolton,69.721,885148
R0582,speke,68.472,713474
R0583,broadgreen,71.780,109899
R0584,huyton,69.803,646081
R0585,birkenhead,74.511,959364
R0586,aigburth,70.112,198018
R0587,west_derby,71.153,149963
R0588,huyton,71.714,646081
R0589,west_derby,71.181,149963
R0590,everton,70.500,854444
R0591,garston,70.620,469591
R0592,aigburth,71.635,198018
R0593,prescot,70.864,867875
R0594,bootle,70.271,172515
R0595,kirkdale,69.543,583295
R0596,birkenhead,70.851,959364
R0597,everton,71.637,854444
R0598,speke,71.325,713474
R0599,speke,71.497,713474
R0600,childwall,69.494,264601
R0601,knotty_ash,69.413,256746
R0602,sefton_park,70.296,403761
R0603,allerton,70.554,641044
R0604,toxteth,69.069,320091
R0605,toxteth,69.074,320091
R0606,anfield,70.358,904697
R0607,knotty_ash,71.327,256746
R0608,woolton,71.046,885148
R0609,everton,69.386,854444
R0610,everton,69.537,854444
R0611,anfield,71.387,904697
R0612,prescot,71.733,867875
R0613,bootle,70.462,172515
R0614,crosby,71.936,689806
R0615,prescot,70.464,867875
R0616,birkenhead,69.848,959364
R0617,anfield,71.219,904697
R0618,west_derby,71.576,149963
R0619,toxteth,72.680,320091
R0620,old_swan,70.569,450994
R0621,speke,71.507,713474
R0622,mossley_hill,70.419,441561
R0623,anfield,72.875,904697
R0624,bootle,71.172,172515
R0625,bootle,70.983,172515
R0626,prescot,69.482,867875
R0627,childwall,71.949,264601
R0628,toxteth,70.364,320091
R0629,allerton,69.858,641044
R0630,everton,70.870,854444
R0631,toxteth,71.413,320091
R0632,aigburth,71.382,198018
R0633,toxteth,69.461,320091
R0634,woolton,70.098,885148
R0635,old_swan,70.327,450994
R0636,kirkdale,69.668,583295
R0637,wavertree,71.208,590436
R0638,broadgreen,70.609,109899
R0639,bootle,68.541,172515
R0640,childwall,71.383,264601
R0641,sefton_park,70.362,403761
R0642,allerton,70.379,641044
R0643,huyton,70.601,646081
R0644,everton,71.480,854444
R0645,speke,71.077,713474
R0646,crosby,70.275,689806
R0647,mossley_hill,69.267,441561
R0648,bootle,70.161,172515
R0649,mossley_hill,71.883,441561
R0650,west_derby,71.303,149963
R0651,childwall,70.419,264601
R0652,allerton,70.318,641044
R0653,knotty_ash,71.102,256746
R0654,old_swan,69.968,450994
R0655,anfield,69.828,904697
R0656,prescot,71.811,867875
R0657,prescot,69.797,867875
R0658,garston,70.347,469591
R0659,kirkby,72.335,675976
R0660,kirkby,71.501,675976
R0661,anfield,69.020,904697
R0662,prescot,69.584,867875
R0663,fazakerley,69.961,893192
R0664,aigburth,68.832,198018
R0665,knotty_ash,70.304,256746
R0666,sefton_park,70.922,403761
R0667,broadgreen,70.549,109899
R0668,mossley_hill,71.528,441561
R0669,bootle,70.523,172515
R0670,kirkby,71.015,675976
R0671,kirkby,70.788,675976
R0672,garston,72.658,469591
R0673,crosby,70.228,689806
R0674,wavertree,70.650,590436
R0675,wavertree,70.568,590436
R0676,fazakerley,70.556,893192
R0677,knotty_ash,71.662,256746
R0678,maghull,69.505,179585
R0679,woolton,69.538,885148
R0680,speke,71.044,713474
R0681,aigburth,69.251,198018
R0682,knotty_ash,72.143,256746
R0683,huyton,69.818,646081
R0684,kirkby,69.443,675976
R0685,sefton_park,71.314,403761
R0686,everton,71.570,854444
R0687,bootle,70.738,172515
R0688,aigburth,69.819,198018
R0689,old_swan,71.283,450994
R0690,old_swan,69.327,450994
R0691,garston,71.828,469591
R0692,broadgreen,71.288,109899
R0693,kirkby,72.169,675976
R0694,toxteth,73.541,320091
R0695,west_derby,70.822,149963
R0696,birkenhead,70.467,959364
R0697,allerton,72.603,641044
R0698,mossley_hill,70.735,441561
R0699,sefton_park,70.508,403761
R0700,knotty_ash,72.053,256746
R0701,old_swan,72.649,450994
R0702,birkenhead,73.973,959364
R0703,mossley_hill,71.119,441561
R0704,kirkby,72.833,675976
R0705,old_swan,71.154,450994
R0706,crosby,71.583,689806
R0707,garston,69.492,469591
R0708,kirkdale,71.301,583295
R0709,childwall,71.085,264601
R0710,allerton,71.566,641044
R0711,sefton_park,70.645,403761
R0712,birkenhead,69.192,959364
R0713,broadgreen,71.590,109899
R0714,huyton,69.685,646081
R0715,everton,72.502,854444
R0716,birkenhead,71.694,959364
R0717,childwall,71.116,264601
R0718,west_derby,68.786,149963
R0719,birkenhead,70.752,959364
R0720,broadgreen,71.862,109899
R0721,kirkdale,68.176,583295
R0722,broadgreen,70.543,109899
R0723,bootle,72.030,172515
R0724,maghull,70.281,179585
R0725,aigburth,71.397,198018
R0726,woolton,70.100,885148
R0727,speke,68.324,713474
R0728,mossley_hill,70.217,441561
R0729,mossley_hill,71.686,441561
R0730,wavertree,71.300,590436
R0731,kirkdale,71.030,583295
R0732,childwall,71.845,264601
R0733,bootle,71.474,172515
R0734,kirkdale,71.512,583295
R0735,broadgreen,71.173,109899
R0736,woolton,70.696,885148
R0737,everton,70.603,854444
R0738,mossley_hill,68.622,441561
R0739,old_swan,69.126,450994
R0740,fazakerley,70.363,893192
R0741,prescot,70.035,867875
R0742,childwall,71.260,264601
R0743,allerton,70.076,641044
R0744,old_swan,70.685,450994
R0745,bootle,69.733,172515
R0746,toxteth,68.816,320091
R0747,birkenhead,69.750,959364
R0748,childwall,70.051,264601
R0749,crosby,70.279,689806
R0750,bootle,71.410,172515
R0751,allerton,72.411,641044
R0752,west_derby,70.707,149963
R0753,speke,70.601,713474
R0754,anfield,70.693,904697
R0755,kirkdale,72.307,583295
R0756,birkenhead,71.714,959364
R0757,broadgreen,71.523,109899
R0758,fazakerley,72.144,893192
R0759,garston,71.125,469591
R0760,garston,70.597,469591
R0761,woolton,70.434,885148
R0762,huyton,70.633,646081
R0763,prescot,69.658,867875
R0764,birkenhead,70.543,959364
R0765,fazakerley,73.231,893192
R0766,woolton,70.406,885148
R0767,mossley_hill,69.793,441561
R0768,birkenhead,70.650,959364
R0769,maghull,70.312,179585
R0770,prescot,70.089,867875
R0771,birkenhead,72.538,959364
R0772,west_derby,70.885,149963
R0773,aigburth,69.068,198018
R0774,broadgreen,70.508,109899
R0775,wavertree,71.985,590436
R0776,kirkby,71.367,675976
R0777,mossley_hill,70.972,441561
R0778,allerton,71.038,641044
R0779,sefton_park,69.531,403761
R0780,knotty_ash,69.809,256746
R0781,toxteth,71.145,320091
R0782,speke,71.368,713474
R0783,kirkdale,71.849,583295
R0784,allerton,69.517,641044
R0785,anfield,70.476,904697
R0786,allerton,71.776,641044
R0787,crosby,69.161,689806
R0788,everton,70.040,854444
R0789,broadgreen,71.290,109899
R0790,kirkby,70.663,675976
R0791,bootle,71.330,172515
R0792,wavertree,71.594,590436
R0793,huyton,69.902,646081
R0794,fazakerley,71.037,893192
R0795,birkenhead,70.949,959364
R0796,anfield,69.242,904697
R0797,woolton,69.430,885148
R0798,woolton,70.597,885148
R0799,huyton,72.115,646081
R0800,mossley_hill,69.399,441561
R0801,west_derby,70.554,149963
R0802,maghull,71.253,179585
R0803,broadgreen,72.622,109899
R0804,wavertree,72.059,590436
R0805,wavertree,70.922,590436
R0806,sefton_park,71.202,403761
R0807,west_derby,70.580,149963
R0808,maghull,69.234,179585
R0809,broadgreen,71.853,109899
R0810,allerton,71.671,641044
R0811,wavertree,71.175,590436
R0812,bootle,71.337,172515
R0813,allerton,70.632,641044
R0814,toxteth,71.544,320091
R0815,mossley_hill,70.833,441561
R0816,aigburth,70.325,198018
R0817,broadgreen,72.659,109899
R0818,kirkby,71.922,675976
R0819,aigburth,71.778,198018
R0820,old_swan,70.563,450994
R0821,garston,72.919,469591
R0822,allerton,70.394,641044
R0823,woolton,70.501,885148
R0824,crosby,71.090,689806
R0825,allerton,70.962,641044
R0826,sefton_park,72.041,403761
R0827,kirkby,69.548,675976
R0828,broadgreen,73.692,109899
R0829,bootle,70.867,172515
R0830,anfield,70.645,904697
R0831,anfield,69.872,904697
R0832,crosby,70.930,689806
R0833,sefton_park,72.890,403761
R0834,knotty_ash,72.311,256746
R0835,kirkdale,71.308,583295
R0836,old_swan,67.297,450994
R0837,prescot,70.825,867875
R0838,toxteth,69.791,320091
R0839,old_swan,69.476,450994
R0840,toxteth,69.945,320091
R0841,sefton_park,73.862,403761
R0842,mossley_hill,70.959,441561
R0843,prescot,71.916,867875
R0844,everton,70.325,854444
R0845,mossley_hill,71.390,441561
R0846,mossley_hill,70.024,441561
R0847,bootle,70.197,172515
R0848,broadgreen,70.568,109899
R0849,kirkdale,71.531,583295
R0850,birkenhead,69.632,959364
R0851,woolton,69.521,885148
R0852,birkenhead,72.595,959364
R0853,speke,70.298,713474
R0854,old_swan,71.281,450994
R0855,woolton,70.245,885148
R0856,crosby,70.091,689806
R0857,everton,71.081,854444
R0858,woolton,70.224,885148
R0859,childwall,71.152,264601
R0860,bootle,72.258,172515
R0861,garston,68.667,469591
R0862,old_swan,68.260,450994
R0863,knotty_ash,71.397,256746
R0864,anfield,68.602,904697
R0865,garston,71.250,469591
R0866,huyton,68.990,646081
R0867,garston,73.991,469591
R0868,crosby,68.499,689806
R0869,crosby,71.555,689806
R0870,west_derby,69.283,149963
R0871,huyton,71.032,646081
R0872,huyton,71.306,646081
R0873,toxteth,70.436,320091
R0874,allerton,70.546,641044
R0875,garston,69.913,469591
R0876,mossley_hill,70.971,441561
R0877,toxteth,70.189,320091
R0878,prescot,71.361,867875
R0879,prescot,72.848,867875
R0880,broadgreen,71.379,109899
R0881,aigburth,70.198,198018
R0882,crosby,70.080,689806
R0883,toxteth,70.784,320091
R0884,prescot,71.233,867875
R0885,fazakerley,71.024,893192
R0886,prescot,68.561,867875
R0887,knotty_ash,70.902,256746
R0888,west_derby,67.955,149963
R0889,allerton,70.005,641044
R0890,bootle,72.690,172515
R0891,everton,71.205,854444
R0892,fazakerley,68.593,893192
R0893,garston,69.654,469591
R0894,bootle,71.870,172515
R0895,garston,71.046,469591
R0896,birkenhead,72.598,959364
R0897,sefton_park,72.384,403761
R0898,bootle,70.980,172515
R0899,aigburth,69.137,198018
R0900,prescot,70.968,867875
R0901,kirkby,71.483,675976
R0902,knotty_ash,72.115,256746
R0903,childwall,70.249,264601
R0904,birkenhead,71.058,959364
R0905,sefton_park,71.498,403761
R0906,childwall,70.952,264601
R0907,old_swan,68.940,450994
R0908,old_swan,71.285,450994
R0909,woolton,70.145,885148
R0910,crosby,70.199,689806
R0911,birkenhead,71.660,959364
R0912,kirkdale,72.640,583295
R0913,kirkby,71.367,675976
R0914,wavertree,70.802,590436
R0915,woolton,70.142,885148
R0916,anfield,70.176,904697
R0917,everton,69.478,854444
R0918,anfield,69.313,904697
R0919,allerton,70.177,641044
R0920,woolton,69.832,885148
R0921,garston,71.746,469591
R0922,birkenhead,70.778,959364
R0923,toxteth,71.223,320091
R0924,everton,70.748,854444
R0925,wavertree,70.203,590436
R0926,old_swan,71.019,450994
R0927,aigburth,70.089,198018
R0928,prescot,70.296,867875
R0929,garston,69.954,469591
R0930,allerton,70.089,641044
R0931,west_derby,68.856,149963
R0932,aigburth,69.979,198018
R0933,garston,71.612,469591
R0934,fazakerley,69.992,893192
R0935,birkenhead,69.148,959364
R0936,woolton,71.039,885148
R0937,mossley_hill,71.929,441561
R0938,birkenhead,70.497,959364
R0939,aigburth,69.289,198018
R0940,allerton,71.801,641044
R0941,everton,70.723,854444
R0942,mossley_hill,70.936,441561
R0943,toxteth,72.387,320091
R0944,knotty_ash,71.617,256746
R0945,fazakerley,70.425,893192
R0946,crosby,70.218,689806
R0947,everton,70.769,854444
R0948,everton,71.319,854444
R0949,mossley_hill,70.548,441561
R0950,old_swan,71.875,450994
R0951,crosby,71.475,689806
R0952,kirkby,71.505,675976
R0953,garston,72.266,469591
R0954,childwall,68.325,264601
R0955,crosby,69.163,689806
R0956,birkenhead,72.226,959364
R0957,maghull,69.994,179585
R0958,crosby,68.797,689806
R0959,west_derby,71.414,149963
R0960,allerton,71.524,641044
R0961,west_derby,67.712,149963
R0962,birkenhead,71.269,959364
R0963,maghull,69.902,179585
R0964,maghull,69.433,179585
R0965,crosby,71.781,689806
R0966,knotty_ash,72.219,256746
R0967,childwall,69.430,264601
R0968,west_derby,70.779,149963
R0969,anfield,69.630,904697
R0970,kirkdale,70.934,583295
R0971,kirkdale,70.129,583295
R0972,bootle,70.992,172515
R0973,mossley_hill,70.281,441561
R0974,everton,71.296,854444
R0975,kirkdale,72.757,583295
R0976,aigburth,72.475,198018
R0977,birkenhead,69.639,959364
R0978,kirkdale,71.376,583295
R0979,prescot,71.212,867875
R0980,speke,69.841,713474
R0981,kirkdale,69.065,583295
R0982,wavertree,72.119,590436
R0983,sefton_park,72.011,403761
R0984,broadgreen,70.798,109899
R0985,west_derby,71.086,149963
R0986,sefton_park,70.816,403761
R0987,huyton,72.428,646081
R0988,allerton,69.209,641044
R0989,garston,72.020,469591
R0990,broadgreen,69.552,109899
R0991,huyton,71.824,646081
R0992,maghull,69.865,179585
R0993,garston,70.094,469591
R0994,maghull,69.834,179585
R0995,birkenhead,68.977,959364
R0996,anfield,71.557,904697
R0997,prescot,69.256,867875
R0998,maghull,69.457,179585
R0999,birkenhead,70.723,959364
R1000,prescot,70.734,867875
R1001,kirkdale,69.115,583295
R1002,woolton,70.420,885148
R1003,allerton,70.798,641044
R1004,prescot,71.271,867875
R1005,toxteth,70.564,320091
R1006,maghull,71.423,179585
R1007,sefton_park,70.816,403761
R1008,kirkdale,72.062,583295
R1009,allerton,70.435,641044
R1010,woolton,69.810,885148
R1011,sefton_park,69.436,403761
R1012,old_swan,70.587,450994
R1013,birkenhead,69.995,959364
R1014,huyton,71.983,646081
R1015,kirkdale,70.024,583295
R1016,kirkdale,70.435,583295
R1017,kirkdale,72.420,583295
R1018,huyton,70.301,646081
R1019,fazakerley,70.132,893192
R1020,everton,72.033,854444
R1021,bootle,71.425,172515
R1022,garston,71.822,469591
R1023,maghull,70.209,179585
R1024,old_swan,68.449,450994
R1025,childwall,70.543,264601
R1026,fazakerley,72.277,893192
R1027,crosby,70.826,689806
R1028,toxteth,72.961,320091
R1029,birkenhead,68.625,959364
R1030,kirkdale,70.432,583295
R1031,bootle,71.602,172515
R1032,broadgreen,71.733,109899
R1033,wavertree,69.492,590436
R1034,crosby,70.965,689806
R1035,everton,70.327,854444
R1036,old_swan,69.650,450994
R1037,broadgreen,69.864,109899
R1038,childwall,69.498,264601
R1039,broadgreen,72.584,109899
R1040,speke,69.631,713474
R1041,broadgreen,73.087,109899
R1042,kirkby,67.632,675976
R1043,anfield,71.277,904697
R1044,mossley_hill,69.911,441561
R1045,aigburth,71.036,198018
R1046,crosby,71.419,689806
R1047,knotty_ash,70.015,256746
R1048,birkenhead,68.662,959364
R1049,birkenhead,70.401,959364
R1050,childwall,69.744,264601
R1051,toxteth,72.853,320091
R1052,kirkby,68.976,675976
R1053,fazakerley,69.801,893192
R1054,bootle,71.215,172515
R1055,kirkby,71.224,675976
R1056,garston,69.982,469591
R1057,prescot,70.291,867875
R1058,bootle,71.079,172515
R1059,garston,72.137,469591
R1060,bootle,73.215,172515
R1061,huyton,68.871,646081
R1062,kirkdale,70.988,583295
R1063,huyton,71.149,646081
R1064,knotty_ash,71.016,256746
R1065,prescot,71.852,867875
R1066,everton,71.976,854444
R1067,old_swan,70.783,450994
R1068,allerton,70.497,641044
R1069,aigburth,71.001,198018
R1070,huyton,71.995,646081
R1071,anfield,69.832,904697
R1072,wavertree,72.114,590436
R1073,woolton,69.873,885148
R1074,broadgreen,71.102,109899
R1075,childwall,71.929,264601
R1076,aigburth,70.262,198018
R1077,mossley_hill,72.669,441561
R1078,broadgreen,71.461,109899
R1079,crosby,70.683,689806
R1080,sefton_park,70.828,403761
R1081,kirkby,71.642,675976
R1082,woolton,69.729,885148
R1083,wavertree,71.490,590436
R1084,mossley_hill,69.082,441561
R1085,aigburth,71.034,198018
R1086,mossley_hill,70.101,441561
R1087,aigburth,70.367,198018
R1088,wavertree,71.268,590436
R1089,bootle,70.964,172515
R1090,mossley_hill,70.624,441561
R1091,broadgreen,70.059,109899
R1092,everton,72.205,854444
R1093,garston,69.403,469591
R1094,old_swan,71.935,450994
R1095,aigburth,70.307,198018
R1096,kirkby,71.037,675976
R1097,childwall,70.730,264601
R1098,west_derby,72.374,149963
R1099,allerton,68.431,641044
R1100,knotty_ash,72.425,256746
R1101,sefton_park,71.036,403761
R1102,anfield,70.802,904697
R1103,broadgreen,69.762,109899
R1104,anfield,70.715,904697
R1105,old_swan,70.420,450994
R1106,bootle,71.863,172515
R1107,kirkby,70.757,675976
R1108,garston,71.263,469591
R1109,huyton,69.634,646081
R1110,birkenhead,68.804,959364
R1111,everton,73.132,854444
R1112,kirkdale,69.150,583295
R1113,huyton,70.807,646081
R1114,woolton,70.356,885148
R1115,huyton,70.454,646081
R1116,old_swan,70.633,450994
R1117,birkenhead,71.866,959364
R1118,everton,70.212,854444
R1119,wavertree,71.020,590436
R1120,woolton,69.922,885148
R1121,allerton,69.922,641044
R1122,prescot,69.195,867875
R1123,bootle,73.673,172515
R1124,mossley_hill,71.304,441561
R1125,anfield,70.810,904697
R1126,childwall,68.654,264601
R1127,broadgreen,70.994,109899
R1128,anfield,71.536,904697
R1129,fazakerley,69.657,893192
R1130,everton,70.448,854444
R1131,toxteth,71.827,320091
R1132,kirkby,72.256,675976
R1133,aigburth,71.534,198018
R1134,anfield,70.300,904697
R1135,aigburth,71.827,198018
R1136,anfield,70.691,904697
R1137,broadgreen,70.239,109899
R1138,birkenhead,70.469,959364
R1139,sefton_park,72.531,403761
R1140,sefton_park,70.123,403761
R1141,fazakerley,69.483,893192
R1142,crosby,68.729,689806
R1143,huyton,70.407,646081
R1144,bootle,71.627,172515
R1145,kirkdale,69.334,583295
R1146,everton,70.842,854444
R1147,kirkby,71.933,675976
R1148,birkenhead,70.413,959364
R1149,anfield,69.974,904697
R1150,knotty_ash,73.286,256746
R1151,fazakerley,70.806,893192
R1152,anfield,69.759,904697
R1153,crosby,72.216,689806
R1154,kirkby,70.118,675976
R1155,bootle,69.949,172515
R1156,aigburth,70.938,198018
R1157,crosby,71.801,689806
R1158,fazakerley,71.358,893192
R1159,wavertree,71.971,590436
R1160,maghull,69.428,179585
R1161,huyton,69.521,646081
R1162,old_swan,70.498,450994
R1163,huyton,70.592,646081
R1164,everton,70.806,854444
R1165,knotty_ash,71.478,256746
R1166,aigburth,71.809,198018
R1167,mossley_hill,70.457,441561
R1168,west_derby,69.830,149963
R1169,kirkdale,69.660,583295
R1170,toxteth,69.932,320091
R1171,aigburth,70.781,198018
R1172,everton,69.097,854444
R1173,broadgreen,70.067,109899
R1174,kirkby,69.197,675976
R1175,aigburth,70.447,198018
R1176,old_swan,69.496,450994
R1177,childwall,70.420,264601
R1178,allerton,70.932,641044
R1179,anfield,69.904,904697
R1180,west_derby,68.354,149963
R1181,allerton,71.347,641044
R1182,west_derby,71.850,149963
R1183,woolton,70.070,885148
R1184,broadgreen,72.411,109899
R1185,kirkdale,71.433,583295
R1186,broadgreen,71.568,109899
R1187,broadgreen,71.545,109899
R1188,maghull,70.721,179585
R1189,sefton_park,70.173,403761
R1190,birkenhead,71.335,959364
R1191,prescot,70.905,867875
R1192,knotty_ash,70.219,256746
R1193,kirkby,69.458,675976
R1194,garston,70.406,469591
R1195,huyton,70.225,646081
R1196,wavertree,71.420,590436
R1197,childwall,70.896,264601
R1198,west_derby,70.493,149963
R1199,mossley_hill,72.988,441561
R1200,wavertree,71.437,590436
R1201,birkenhead,69.303,959364
R1202,everton,69.633,854444
R1203,everton,73.034,854444
R1204,garston,72.819,469591
R1205,woolton,70.023,885148
R1206,old_swan,71.515,450994
R1207,fazakerley,71.237,893192
R1208,broadgreen,72.301,109899
R1209,kirkby,71.749,675976
R1210,anfield,72.446,904697
R1211,everton,70.844,854444
R1212,allerton,71.379,641044
R1213,mossley_hill,70.782,441561
R1214,wavertree,70.331,590436
R1215,prescot,70.855,867875
R1216,west_derby,71.188,149963
R1217,crosby,71.914,689806
R1218,broadgreen,70.000,109899
R1219,broadgreen,71.543,109899
R1220,wavertree,70.631,590436
R1221,prescot,71.211,867875
R1222,toxteth,72.094,320091
R1223,huyton,70.220,646081
R1224,everton,72.703,854444
R1225,old_swan,70.916,450994
R1226,huyton,69.981,646081
R1227,childwall,70.375,264601
R1228,childwall,69.687,264601
R1229,allerton,69.238,641044
R1230,broadgreen,72.732,109899
R1231,wavertree,70.815,590436
R1232,everton,70.022,854444
R1233,huyton,70.861,646081
R1234,mossley_hill,71.373,441561
R1235,childwall,70.998,264601
R1236,prescot,70.938,867875
R1237,childwall,70.158,264601
R1238,bootle,70.024,172515
R1239,fazakerley,70.352,893192
R1240,woolton,70.532,885148
R1241,bootle,70.354,172515
R1242,everton,73.133,854444
R1243,knotty_ash,70.627,256746
R1244,sefton_park,69.854,403761
R1245,knotty_ash,69.729,256746
R1246,sefton_park,72.138,403761
R1247,sefton_park,71.425,403761
R1248,garston,71.462,469591
R1249,knotty_ash,71.416,256746
R1250,childwall,70.236,264601
R1251,birkenhead,70.883,959364
R1252,speke,69.608,713474
R1253,sefton_park,71.846,403761
R1254,broadgreen,72.676,109899
R1255,prescot,74.492,867875
R1256,woolton,70.505,885148
R1257,childwall,71.014,264601
R1258,crosby,71.595,689806
R1259,broadgreen,70.993,109899
R1260,everton,70.837,854444
R1261,fazakerley,71.461,893192
R1262,crosby,70.723,689806
R1263,woolton,69.678,885148
R1264,birkenhead,69.805,959364
R1265,prescot,70.393,867875
R1266,woolton,70.031,885148
R1267,sefton_park,71.876,403761
R1268,garston,71.552,469591
R1269,crosby,67.100,689806
R1270,anfield,70.089,904697
R1271,woolton,69.066,885148
R1272,kirkby,68.002,675976
R1273,anfield,69.971,904697
R1274,woolton,70.568,885148
R1275,allerton,69.277,641044
R1276,wavertree,71.074,590436
R1277,mossley_hill,70.233,441561
R1278,aigburth,70.959,198018
R1279,woolton,70.035,885148
R1280,anfield,71.196,904697
R1281,prescot,71.827,867875
R1282,speke,71.766,713474
R1283,knotty_ash,71.232,256746
R1284,speke,69.887,713474
R1285,allerton,70.711,641044
R1286,kirkby,71.482,675976
R1287,knotty_ash,70.427,256746
R1288,aigburth,68.350,198018
R1289,garston,72.125,469591
R1290,wavertree,71.437,590436
R1291,knotty_ash,70.590,256746
R1292,kirkdale,70.655,583295
R1293,west_derby,72.208,149963
R1294,anfield,71.694,904697
R1295,anfield,70.563,904697
R1296,garston,71.036,469591
R1297,west_derby,67.741,149963
R1298,kirkdale,69.711,583295
R1299,sefton_park,71.803,403761
R1300,huyton,69.607,646081
R1301,aigburth,70.346,198018
R1302,prescot,70.172,867875
R1303,kirkby,72.495,675976
R1304,knotty_ash,70.363,256746
R1305,mossley_hill,70.335,441561
R1306,crosby,71.995,689806
R1307,anfield,69.661,904697
R1308,wavertree,70.054,590436
R1309,huyton,71.471,646081
R1310,huyton,69.693,646081
R1311,bootle,70.505,172515
R1312,fazakerley,72.003,893192
R1313,birkenhead,68.833,959364
R1314,toxteth,69.277,320091
R1315,speke,69.950,713474
R1316,old_swan,69.846,450994
R1317,childwall,69.113,264601
R1318,maghull,68.903,179585
R1319,mossley_hill,70.968,441561
R1320,huyton,71.278,646081
R1321,maghull,70.372,179585
R1322,allerton,70.692,641044
R1323,mossley_hill,70.079,441561
R1324,garston,70.156,469591
R1325,mossley_hill,72.403,441561
R1326,fazakerley,70.645,893192
R1327,fazakerley,71.033,893192
R1328,sefton_park,70.305,403761
R1329,crosby,70.554,689806
R1330,prescot,68.765,867875
R1331,broadgreen,71.308,109899
R1332,sefton_park,70.111,403761
R1333,bootle,72.744,172515
R1334,woolton,70.043,885148
R1335,allerton,71.684,641044
R1336,allerton,70.601,641044
R1337,kirkby,70.594,675976
R1338,birkenhead,71.761,959364
R1339,huyton,69.752,646081
R1340,kirkby,71.291,675976
R1341,anfield,70.464,904697
R1342,speke,69.304,713474
R1343,knotty_ash,69.422,256746
R1344,anfield,67.549,904697
R1345,sefton_park,69.405,403761
R1346,wavertree,73.292,590436
R1347,broadgreen,71.746,109899
R1348,childwall,71.161,264601
R1349,prescot,70.375,867875
R1350,bootle,71.865,172515
R1351,kirkby,68.219,675976
R1352,old_swan,68.651,450994
R1353,broadgreen,69.944,109899
R1354,aigburth,71.210,198018
R1355,bootle,70.557,172515
R1356,speke,69.387,713474
R1357,fazakerley,69.465,893192
R1358,west_derby,72.447,149963
R1359,mossley_hill,69.313,441561
R1360,fazakerley,69.557,893192
R1361,prescot,70.585,867875
R1362,old_swan,69.030,450994
R1363,anfield,70.568,904697
R1364,fazakerley,69.950,893192
R1365,sefton_park,71.864,403761
R1366,toxteth,69.148,320091
R1367,wavertree,71.293,590436
R1368,kirkdale,70.149,583295
R1369,aigburth,70.394,198018
R1370,mossley_hill,70.286,441561
R1371,mossley_hill,72.503,441561
R1372,bootle,70.883,172515
R1373,fazakerley,71.782,893192
R1374,sefton_park,72.729,403761
R1375,sefton_park,72.320,403761
R1376,speke,69.256,713474
R1377,everton,72.453,854444
R1378,crosby,69.753,689806
R1379,sefton_park,72.808,403761
R1380,wavertree,69.377,590436
R1381,mossley_hill,71.701,441561
R1382,prescot,72.376,867875
R1383,west_derby,71.432,149963
R1384,everton,72.300,854444
R1385,allerton,71.190,641044
R1386,anfield,70.445,904697
R1387,garston,70.651,469591
R1388,toxteth,70.845,320091
R1389,crosby,70.444,689806
R1390,childwall,69.689,264601
R1391,garston,69.781,469591
R1392,knotty_ash,71.932,256746
R1393,mossley_hill,69.392,441561
R1394,wavertree,70.929,590436
R1395,aigburth,71.531,198018
R1396,prescot,70.219,867875
R1397,fazakerley,70.415,893192
R1398,toxteth,72.094,320091
R1399,knotty_ash,70.981,256746
R1400,birkenhead,70.414,959364
R1401,crosby,70.326,689806
R1402,toxteth,70.567,320091
R1403,anfield,71.684,904697
R1404,wavertree,70.440,590436
R1405,toxteth,68.659,320091
R1406,bootle,70.661,172515
R1407,allerton,72.075,641044
R1408,allerton,69.826,641044
R1409,garston,69.436,469591
R1410,prescot,70.596,867875
R1411,allerton,70.868,641044
R1412,prescot,71.122,867875
R1413,birkenhead,70.486,959364
R1414,crosby,70.366,689806
R1415,speke,69.948,713474
R1416,bootle,71.203,172515
R1417,toxteth,71.623,320091
R1418,woolton,70.842,885148
R1419,maghull,68.698,179585
R1420,old_swan,70.331,450994
R1421,woolton,70.633,885148
R1422,allerton,71.035,641044
R1423,maghull,71.881,179585
R1424,kirkby,71.984,675976
R1425,prescot,70.848,867875
R1426,broadgreen,70.469,109899
R1427,anfield,70.898,904697
R1428,old_swan,69.289,450994
R1429,old_swan,69.686,450994
R1430,childwall,70.492,264601
R1431,aigburth,69.569,198018
R1432,fazakerley,72.467,893192
R1433,maghull,68.135,179585
R1434,knotty_ash,71.604,256746
R1435,old_swan,70.056,450994
R1436,fazakerley,70.253,893192
R1437,kirkdale,71.128,583295
R1438,sefton_park,72.783,403761
R1439,west_derby,69.859,149963
R1440,birkenhead,72.012,959364
R1441,birkenhead,70.226,959364
R1442,wavertree,71.167,590436
R1443,mossley_hill,71.670,441561
R1444,old_swan,68.719,450994
R1445,prescot,71.266,867875
R1446,broadgreen,71.919,109899
R1447,aigburth,70.989,198018
R1448,huyton,70.917,646081
R1449,kirkby,71.905,675976
R1450,everton,72.078,854444
R1451,fazakerley,71.021,893192
R1452,crosby,70.564,689806
R1453,broadgreen,70.278,109899
R1454,toxteth,69.911,320091
R1455,aigburth,70.436,198018
R1456,crosby,71.199,689806
R1457,maghull,70.269,179585
R1458,everton,69.738,854444
R1459,childwall,70.207,264601
R1460,mossley_hill,68.780,441561
R1461,woolton,70.643,885148
R1462,huyton,71.329,646081
R1463,aigburth,70.489,198018
R1464,west_derby,69.449,149963
R1465,prescot,70.452,867875
R1466,everton,70.234,854444
R1467,fazakerley,72.138,893192
R1468,allerton,69.619,641044
R1469,wavertree,69.349,590436
R1470,kirkby,72.145,675976
R1471,bootle,71.309,172515
R1472,kirkdale,71.708,583295
R1473,anfield,70.250,904697
R1474,prescot,69.921,867875
R1475,knotty_ash,70.503,256746
R1476,wavertree,70.696,590436
R1477,maghull,70.466,179585
R1478,west_derby,71.672,149963
R1479,toxteth,72.500,320091
R1480,garston,71.416,469591
R1481,prescot,69.962,867875
R1482,bootle,72.122,172515
R1483,toxteth,70.162,320091
R1484,fazakerley,71.261,893192
R1485,maghull,72.300,179585
R1486,speke,69.094,713474
R1487,west_derby,69.078,149963
R1488,old_swan,69.250,450994
R1489,west_derby,71.225,149963
R1490,broadgreen,68.428,109899
R1491,woolton,70.010,885148
R1492,fazakerley,68.942,893192
R1493,childwall,70.642,264601
R1494,kirkby,70.482,675976
R1495,kirkby,69.102,675976
R1496,maghull,70.784,179585
R1497,anfield,70.263,904697
R1498,allerton,71.291,641044
R1499,old_swan,69.952,450994
R1500,toxteth,71.899,320091
R1501,woolton,70.138,885148
R1502,west_derby,70.338,149963
R1503,maghull,71.741,179585
R1504,garston,71.225,469591
R1505,west_derby,70.916,149963
R1506,sefton_park,69.177,403761
R1507,bootle,70.115,172515
R1508,mossley_hill,70.597,441561
R1509,west_derby,69.362,149963
R1510,huyton,69.009,646081
R1511,maghull,69.331,179585
R1512,sefton_park,70.670,403761
R1513,childwall,69.245,264601
R1514,everton,70.965,854444
R1515,knotty_ash,71.766,256746
R1516,kirkby,70.170,675976
R1517,childwall,71.090,264601
R1518,birkenhead,71.891,959364
R1519,toxteth,70.764,320091
R1520,wavertree,70.671,590436
R1521,huyton,69.633,646081
R1522,bootle,73.930,172515
R1523,wavertree,72.342,590436
R1524,kirkdale,69.068,583295
R1525,old_swan,70.779,450994
R1526,old_swan,69.079,450994
R1527,knotty_ash,73.023,256746
R1528,mossley_hill,69.130,441561
R1529,kirkby,72.107,675976
R1530,aigburth,71.105,198018
R1531,childwall,70.418,264601
R1532,woolton,69.497,885148
R1533,kirkdale,69.682,583295
R1534,west_derby,67.973,149963
R1535,crosby,69.439,689806
R1536,knotty_ash,70.396,256746
R1537,woolton,70.478,885148
R1538,mossley_hill,69.921,441561
R1539,wavertree,69.467,590436
R1540,west_derby,67.297,149963
R1541,broadgreen,71.028,109899
R1542,old_swan,68.261,450994
R1543,west_derby,69.741,149963
R1544,everton,72.273,854444
R1545,crosby,70.532,689806
R1546,toxteth,69.907,320091
R1547,bootle,72.559,172515
R1548,broadgreen,71.589,109899
R1549,sefton_park,70.619,403761
R1550,crosby,70.512,689806
R1551,kirkdale,69.851,583295
R1552,old_swan,70.629,450994
R1553,birkenhead,70.597,959364
R1554,prescot,70.471,867875
R1555,childwall,68.858,264601
R1556,prescot,71.170,867875
R1557,knotty_ash,69.791,256746
R1558,toxteth,71.020,320091
R1559,sefton_park,69.844,403761
R1560,maghull,70.568,179585
R1561,everton,70.126,854444
R1562,fazakerley,70.809,893192
R1563,kirkby,70.895,675976
R1564,woolton,70.777,885148
R1565,crosby,71.313,689806
R1566,broadgreen,70.694,109899
R1567,birkenhead,70.833,959364
R1568,bootle,72.860,172515
R1569,west_derby,69.608,149963
R1570,old_swan,71.190,450994
R1571,old_swan,71.295,450994
R1572,knotty_ash,72.040,256746
R1573,aigburth,71.159,198018
R1574,maghull,69.971,179585
R1575,old_swan,71.082,450994
R1576,aigburth,70.357,198018
R1577,sefton_park,71.599,403761
R1578,allerton,70.610,641044
R1579,toxteth,69.127,320091
R1580,birkenhead,71.920,959364
R1581,wavertree,70.106,590436
R1582,kirkdale,70.542,583295
R1583,knotty_ash,71.937,256746
R1584,childwall,68.900,264601
R1585,broadgreen,71.010,109899
R1586,aigburth,71.771,198018
R1587,everton,72.784,854444
R1588,knotty_ash,71.201,256746
R1589,mossley_hill,71.795,441561
R1590,allerton,71.091,641044
R1591,birkenhead,69.675,959364
R1592,kirkby,69.559,675976
R1593,speke,72.059,713474
R1594,broadgreen,70.034,109899
R1595,fazakerley,71.110,893192
R1596,old_swan,70.662,450994
R1597,crosby,71.483,689806
R1598,speke,70.401,713474
R1599,childwall,70.389,264601
R1600,huyton,70.482,646081
R1601,speke,71.870,713474
R1602,mossley_hill,71.356,441561
R1603,aigburth,70.340,198018
R1604,maghull,70.647,179585
R1605,kirkdale,70.025,583295
R1606,kirkdale,71.336,583295
R1607,aigburth,70.920,198018
R1608,everton,69.005,854444
R1609,knotty_ash,72.879,256746
R1610,kirkdale,69.761,583295
R1611,garston,72.084,469591
R1612,old_swan,70.104,450994
R1613,huyton,71.493,646081
R1614,fazakerley,70.950,893192
R1615,everton,72.769,854444
R1616,kirkdale,70.833,583295
R1617,birkenhead,70.432,959364
R1618,mossley_hill,69.633,441561
R1619,west_derby,70.891,149963
R1620,garston,69.466,469591
R1621,wavertree,71.977,590436
R1622,toxteth,69.273,320091
R1623,sefton_park,73.514,403761
R1624,kirkdale,71.544,583295
R1625,mossley_hill,71.596,441561
R1626,allerton,71.888,641044
R1627,huyton,69.998,646081
R1628,wavertree,71.484,590436
R1629,kirkby,72.090,675976
R1630,toxteth,72.022,320091
R1631,sefton_park,71.034,403761
R1632,aigburth,72.509,198018
R1633,childwall,68.089,264601
R1634,sefton_park,71.131,403761
R1635,kirkby,70.353,675976
R1636,prescot,69.541,867875
R1637,allerton,71.785,641044
R1638,childwall,70.412,264601
R1639,prescot,71.933,867875
R1640,speke,69.986,713474
R1641,garston,71.193,469591
R1642,allerton,70.145,641044
R1643,prescot,71.105,867875
R1644,west_derby,71.119,149963
R1645,kirkby,70.890,675976
R1646,kirkdale,70.374,583295
R1647,fazakerley,71.928,893192
R1648,kirkdale,70.193,583295
R1649,prescot,70.830,867875
R1650,huyton,70.682,646081
R1651,speke,70.774,713474
R1652,bootle,70.609,172515
R1653,sefton_park,69.082,403761
R1654,sefton_park,70.009,403761
R1655,allerton,70.223,641044
R1656,west_derby,71.451,149963
R1657,old_swan,70.539,450994
R1658,toxteth,72.284,320091
R1659,everton,71.649,854444
R1660,woolton,69.947,885148
R1661,broadgreen,68.468,109899
R1662,anfield,70.719,904697
R1663,mossley_hill,68.922,441561
R1664,birkenhead,70.741,959364
R1665,maghull,70.703,179585
R1666,maghull,70.268,179585
R1667,old_swan,70.500,450994
R1668,woolton,69.709,885148
R1669,crosby,70.407,689806
R1670,allerton,70.245,641044
R1671,woolton,70.222,885148
R1672,crosby,71.410,689806
R1673,wavertree,71.475,590436
R1674,allerton,70.565,641044
R1675,everton,70.212,854444
R1676,aigburth,68.170,198018
R1677,sefton_park,70.393,403761
R1678,speke,69.831,713474
R1679,wavertree,70.785,590436
R1680,garston,71.555,469591
R1681,kirkby,71.993,675976
R1682,anfield,68.359,904697
R1683,maghull,68.449,179585
R1684,sefton_park,70.522,403761
R1685,wavertree,70.945,590436
R1686,maghull,69.458,179585
R1687,fazakerley,71.005,893192
R1688,broadgreen,72.302,109899
R1689,broadgreen,73.004,109899
R1690,toxteth,73.664,320091
R1691,huyton,70.509,646081
R1692,bootle,70.981,172515
R1693,broadgreen,70.864,109899
R1694,birkenhead,72.106,959364
R1695,prescot,71.116,867875
R1696,everton,70.767,854444
R1697,maghull,70.744,179585
R1698,birkenhead,71.421,959364
R1699,knotty_ash,71.148,256746
R1700,wavertree,71.576,590436
R1701,speke,70.566,713474
R1702,birkenhead,73.364,959364
R1703,knotty_ash,70.864,256746
R1704,knotty_ash,69.804,256746
R1705,huyton,70.013,646081
R1706,woolton,70.277,885148
R1707,knotty_ash,70.679,256746
R1708,west_derby,70.341,149963
R1709,mossley_hill,69.838,441561
R1710,garston,69.871,469591
R1711,speke,71.370,713474
R1712,allerton,70.661,641044
R1713,bootle,69.900,172515
R1714,birkenhead,70.658,959364
R1715,everton,72.082,854444
R1716,prescot,73.281,867875
R1717,wavertree,71.133,590436
R1718,west_derby,69.457,149963
R1719,fazakerley,71.360,893192
R1720,prescot,69.761,867875
R1721,toxteth,71.388,320091
R1722,maghull,69.175,179585
R1723,prescot,71.215,867875
R1724,broadgreen,71.223,109899
R1725,woolton,69.997,885148
R1726,speke,69.676,713474
R1727,fazakerley,70.541,893192
R1728,maghull,69.061,179585
R1729,sefton_park,69.327,403761
R1730,west_derby,69.883,149963
R1731,wavertree,73.095,590436
R1732,kirkby,70.125,675976
R1733,huyton,70.032,646081
R1734,speke,72.075,713474
R1735,maghull,69.697,179585
R1736,huyton,70.326,646081
R1737,kirkdale,71.187,583295
R1738,allerton,71.544,641044
R1739,maghull,70.778,179585
R1740,huyton,70.539,646081
R1741,woolton,71.229,885148
R1742,aigburth,71.700,198018
R1743,west_derby,70.551,149963
R1744,mossley_hill,71.948,441561
R1745,wavertree,71.927,590436
R1746,sefton_park,71.996,403761
R1747,speke,70.045,713474
R1748,crosby,71.485,689806
R1749,prescot,70.483,867875
R1750,toxteth,70.593,320091
R1751,wavertree,69.802,590436
R1752,huyton,68.941,646081
R1753,broadgreen,70.359,109899
R1754,west_derby,70.139,149963
R1755,speke,69.065,713474
R1756,everton,69.907,854444
R1757,old_swan,70.499,450994
R1758,allerton,70.285,641044
R1759,broadgreen,71.563,109899
R1760,birkenhead,71.363,959364
R1761,mossley_hill,72.339,441561
R1762,wavertree,70.415,590436
R1763,kirkby,71.884,675976
R1764,sefton_park,71.256,403761
R1765,knotty_ash,70.517,256746
R1766,aigburth,71.746,198018
R1767,kirkdale,70.233,583295
R1768,knotty_ash,71.444,256746
R1769,kirkby,69.051,675976
R1770,west_derby,70.535,149963
R1771,sefton_park,71.177,403761
R1772,kirkdale,70.079,583295
R1773,kirkby,71.209,675976
R1774,sefton_park,73.280,403761
R1775,broadgreen,70.895,109899
R1776,sefton_park,72.026,403761
R1777,aigburth,70.419,198018
R1778,mossley_hill,70.227,441561
R1779,mossley_hill,71.269,441561
R1780,birkenhead,70.014,959364
R1781,childwall,71.181,264601
R1782,old_swan,71.148,450994
R1783,anfield,69.454,904697
R1784,crosby,70.748,689806
R1785,allerton,71.393,641044
R1786,old_swan,71.161,450994
R1787,west_derby,68.731,149963
R1788,kirkby,70.850,675976
R1789,allerton,70.250,641044
R1790,sefton_park,70.943,403761
R1791,knotty_ash,70.720,256746
R1792,maghull,71.105,179585
R1793,prescot,72.522,867875
R1794,old_swan,69.379,450994
R1795,crosby,71.570,689806
R1796,prescot,70.152,867875
R1797,sefton_park,68.937,403761
R1798,maghull,70.097,179585
R1799,kirkby,72.305,675976
R1800,sefton_park,70.114,403761
R1801,fazakerley,71.682,893192
R1802,old_swan,67.684,450994
R1803,mossley_hill,70.557,441561
R1804,speke,71.280,713474
R1805,crosby,72.839,689806
R1806,everton,71.485,854444
R1807,kirkby,71.671,675976
R1808,fazakerley,71.333,893192
R1809,fazakerley,71.620,893192
R1810,kirkby,71.126,675976
R1811,childwall,68.941,264601
R1812,birkenhead,71.090,959364
R1813,anfield,68.885,904697
R1814,old_swan,71.282,450994
R1815,kirkdale,72.215,583295
R1816,aigburth,70.342,198018
R1817,prescot,72.510,867875
R1818,childwall,69.995,264601
R1819,maghull,72.634,179585
R1820,fazakerley,72.315,893192
R1821,birkenhead,70.378,959364
R1822,knotty_ash,70.320,256746
R1823,everton,73.591,854444
R1824,kirkdale,70.255,583295
R1825,kirkby,72.030,675976
R1826,woolton,70.119,885148
R1827,knotty_ash,70.717,256746
R1828,allerton,70.807,641044
R1829,maghull,68.568,179585
R1830,woolton,71.047,885148
R1831,speke,69.060,713474
R1832,garston,72.532,469591
R1833,toxteth,71.392,320091
R1834,allerton,69.856,641044
R1835,anfield,71.084,904697
R1836,west_derby,71.994,149963
R1837,bootle,70.332,172515
R1838,old_swan,69.152,450994
R1839,bootle,70.970,172515
R1840,fazakerley,69.637,893192
R1841,sefton_park,73.176,403761
R1842,childwall,69.273,264601
R1843,aigburth,71.057,198018
R1844,aigburth,70.693,198018
R1845,speke,70.355,713474
R1846,kirkby,70.905,675976
R1847,everton,70.483,854444
R1848,old_swan,69.574,450994
R1849,aigburth,70.961,198018
R1850,everton,70.879,854444
R1851,west_derby,70.758,149963
R1852,fazakerley,70.648,893192
R1853,maghull,70.070,179585
R1854,aigburth,71.947,198018
R1855,toxteth,71.556,320091
R1856,west_derby,68.353,149963
R1857,speke,71.759,713474
R1858,aigburth,71.442,198018
R1859,old_swan,70.808,450994
R1860,garston,71.270,469591
R1861,wavertree,69.753,590436
R1862,allerton,68.316,641044
R1863,childwall,69.145,264601
R1864,maghull,68.243,179585
R1865,birkenhead,70.741,959364
R1866,kirkdale,71.703,583295
R1867,crosby,68.563,689806
R1868,allerton,71.968,641044
R1869,maghull,68.542,179585
R1870,maghull,70.891,179585
R1871,allerton,72.159,641044
R1872,wavertree,71.637,590436
R1873,everton,70.873,854444
R1874,anfield,71.355,904697
R1875,maghull,70.638,179585
R1876,childwall,70.630,264601
R1877,toxteth,70.275,320091
R1878,fazakerley,72.239,893192
R1879,toxteth,69.326,320091
R1880,crosby,69.936,689806
R1881,west_derby,71.015,149963
R1882,kirkdale,70.770,583295
R1883,mossley_hill,70.393,441561
R1884,old_swan,70.633,450994
R1885,kirkdale,71.179,583295
R1886,woolton,71.314,885148
R1887,bootle,70.286,172515
R1888,huyton,71.586,646081
R1889,toxteth,69.967,320091
R1890,west_derby,68.927,149963
R1891,allerton,70.438,641044
R1892,aigburth,68.902,198018
R1893,mossley_hill,69.493,441561
R1894,broadgreen,70.313,109899
R1895,sefton_park,74.671,403761
R1896,kirkby,71.700,675976
R1897,fazakerley,72.392,893192
R1898,anfield,69.276,904697
R1899,maghull,69.644,179585
R1900,west_derby,69.308,149963
R1901,kirkdale,73.248,583295
R1902,fazakerley,71.905,893192
R1903,fazakerley,71.967,893192
R1904,broadgreen,70.021,109899
R1905,allerton,69.640,641044
R1906,old_swan,70.398,450994
R1907,bootle,72.999,172515
R1908,west_derby,69.910,149963
R1909,garston,69.708,469591
R1910,toxteth,69.849,320091
R1911,bootle,71.529,172515
R1912,speke,70.325,713474
R1913,allerton,69.765,641044
R1914,speke,70.302,713474
R1915,childwall,70.546,264601
R1916,childwall,71.201,264601
R1917,garston,72.869,469591
R1918,speke,69.760,713474
R1919,fazakerley,71.929,893192
R1920,broadgreen,70.656,109899
R1921,kirkdale,71.607,583295
R1922,childwall,69.541,264601
R1923,childwall,68.535,264601
R1924,maghull,71.026,179585
R1925,maghull,69.673,179585
R1926,wavertree,72.774,590436
R1927,mossley_hill,71.788,441561
R1928,huyton,70.190,646081
R1929,kirkdale,71.164,583295
R1930,west_derby,69.078,149963
R1931,toxteth,70.956,320091
R1932,kirkdale,71.915,583295
R1933,sefton_park,72.519,403761
R1934,childwall,71.237,264601
R1935,kirkby,70.572,675976
R1936,maghull,69.407,179585
R1937,speke,71.479,713474
R1938,everton,70.686,854444
R1939,kirkdale,71.100,583295
R1940,crosby,72.757,689806
R1941,childwall,69.531,264601
R1942,prescot,68.832,867875
R1943,anfield,68.668,904697
R1944,kirkby,68.405,675976
R1945,kirkby,69.126,675976
R1946,anfield,68.737,904697
R1947,kirkdale,70.666,583295
R1948,kirkby,70.762,675976
R1949,garston,68.699,469591
R1950,sefton_park,70.850,403761
R1951,garston,71.744,469591
R1952,toxteth,70.773,320091
R1953,kirkdale,72.001,583295
R1954,fazakerley,71.561,893192
R1955,speke,70.682,713474
R1956,anfield,72.205,904697
R1957,toxteth,70.568,320091
R1958,bootle,71.478,172515
R1959,huyton,69.800,646081
R1960,prescot,69.338,867875
R1961,broadgreen,70.535,109899
R1962,crosby,70.626,689806
R1963,fazakerley,71.611,893192
R1964,everton,69.305,854444
R1965,speke,69.612,713474
R1966,garston,70.936,469591
R1967,bootle,71.296,172515
R1968,speke,69.786,713474
R1969,mossley_hill,70.243,441561
R1970,speke,69.216,713474
R1971,aigburth,71.340,198018
R1972,woolton,69.637,885148
R1973,wavertree,72.744,590436
R1974,sefton_park,70.471,403761
R1975,crosby,72.291,689806
R1976,fazakerley,71.399,893192
R1977,mossley_hill,70.130,441561
R1978,toxteth,69.691,320091
R1979,knotty_ash,69.352,256746
R1980,kirkby,70.773,675976
R1981,prescot,70.626,867875
R1982,knotty_ash,71.226,256746
R1983,birkenhead,70.460,959364
R1984,anfield,69.759,904697
R1985,kirkdale,69.525,583295
R1986,crosby,69.255,689806
R1987,mossley_hill,69.666,441561
R1988,speke,69.730,713474
R1989,crosby,70.386,689806
R1990,aigburth,71.011,198018
R1991,aigburth,72.605,198018
R1992,birkenhead,70.113,959364
R1993,aigburth,70.245,198018
R1994,west_derby,68.482,149963
R1995,maghull,68.771,179585
R1996,sefton_park,70.862,403761
R1997,fazakerley,72.056,893192
R1998,anfield,68.369,904697
R1999,huyton,70.673,646081
R2000,garston,70.951,469591
R2001,fazakerley,71.155,893192
R2002,prescot,71.782,867875
R2003,speke,69.368,713474
R2004,crosby,71.337,689806
R2005,broadgreen,71.419,109899
R2006,fazakerley,73.516,893192
R2007,aigburth,70.296,198018
R2008,allerton,71.135,641044
R2009,old_swan,69.035,450994
R2010,anfield,69.328,904697
R2011,birkenhead,71.086,959364
R2012,mossley_hill,71.485,441561
R2013,garston,70.826,469591
R2014,prescot,71.700,867875
R2015,crosby,70.441,689806
R2016,aigburth,71.147,198018
R2017,speke,70.840,713474
R2018,toxteth,72.499,320091
R2019,maghull,70.983,179585
R2020,kirkdale,70.945,583295
R2021,kirkdale,69.282,583295
R2022,everton,71.044,854444
R2023,mossley_hill,69.859,441561
R2024,fazakerley,71.244,893192
R2025,west_derby,69.040,149963
R2026,anfield,68.859,904697
R2027,allerton,70.175,641044
R2028,childwall,70.220,264601
R2029,garston,69.816,469591
R2030,childwall,69.553,264601
R2031,huyton,70.625,646081
R2032,broadgreen,71.095,109899
R2033,garston,71.650,469591
R2034,anfield,69.657,904697
R2035,huyton,72.336,646081
R2036,aigburth,70.333,198018
R2037,anfield,71.010,904697
R2038,woolton,71.260,885148
R2039,huyton,69.157,646081
R2040,anfield,70.565,904697
R2041,bootle,70.956,172515
R2042,birkenhead,72.263,959364
R2043,garston,72.856,469591
R2044,garston,72.462,469591
R2045,huyton,69.464,646081
R2046,prescot,71.694,867875
R2047,anfield,71.276,904697
R2048,west_derby,73.443,149963
R2049,fazakerley,70.057,893192
R2050,wavertree,72.258,590436
R2051,sefton_park,72.433,403761
R2052,fazakerley,72.687,893192
R2053,fazakerley,71.039,893192
R2054,birkenhead,69.839,959364
R2055,allerton,68.701,641044
R2056,toxteth,69.961,320091
R2057,mossley_hill,72.594,441561
R2058,knotty_ash,71.541,256746
R2059,bootle,71.868,172515
R2060,childwall,69.655,264601
R2061,childwall,70.044,264601
R2062,bootle,70.897,172515
R2063,prescot,71.236,867875
R2064,fazakerley,70.281,893192
R2065,speke,69.624,713474
R2066,huyton,69.829,646081
R2067,wavertree,69.682,590436
R2068,prescot,70.461,867875
R2069,knotty_ash,70.556,256746
R2070,toxteth,70.667,320091
R2071,aigburth,70.104,198018
R2072,huyton,69.459,646081
R2073,old_swan,70.922,450994
R2074,knotty_ash,70.494,256746
R2075,prescot,69.726,867875
R2076,speke,70.150,713474
R2077,toxteth,71.951,320091
R2078,woolton,69.826,885148
R2079,fazakerley,72.151,893192
R2080,speke,71.073,713474
R2081,birkenhead,68.425,959364
R2082,mossley_hill,71.169,441561
R2083,everton,70.739,854444
R2084,everton,71.778,854444
R2085,fazakerley,69.767,893192
R2086,fazakerley,70.859,893192
R2087,allerton,71.029,641044
R2088,maghull,68.570,179585
R2089,childwall,69.510,264601
R2090,mossley_hill,71.790,441561
R2091,bootle,70.113,172515
R2092,maghull,70.377,179585
R2093,old_swan,69.212,450994
R2094,crosby,68.867,689806
R2095,huyton,69.706,646081
R2096,bootle,69.498,172515
R2097,garston,71.219,469591
R2098,wavertree,70.805,590436
R2099,toxteth,68.525,320091
R2100,kirkby,71.497,675976
R2101,huyton,69.996,646081
R2102,birkenhead,70.747,959364
R2103,old_swan,70.710,450994
R2104,everton,71.565,854444
R2105,childwall,69.479,264601
R2106,everton,70.584,854444
R2107,huyton,69.217,646081
R2108,garston,71.296,469591
R2109,crosby,70.748,689806
R2110,old_swan,72.411,450994
R2111,broadgreen,70.795,109899
R2112,garston,70.290,469591
R2113,toxteth,68.560,320091
R2114,prescot,71.408,867875
R2115,huyton,71.512,646081
R2116,bootle,71.859,172515
R2117,wavertree,69.985,590436
R2118,bootle,72.859,172515
R2119,everton,68.896,854444
R2120,woolton,69.042,885148
R2121,broadgreen,72.736,109899
R2122,allerton,68.060,641044
R2123,toxteth,70.029,320091
R2124,sefton_park,71.999,403761
R2125,maghull,70.315,179585
R2126,everton,71.873,854444
R2127,knotty_ash,70.569,256746
R2128,kirkby,71.469,675976
R2129,crosby,69.227,689806
R2130,broadgreen,70.989,109899
R2131,old_swan,68.966,450994
R2132,west_derby,69.733,149963
R2133,anfield,71.816,904697
R2134,aigburth,71.858,198018
R2135,fazakerley,70.648,893192
R2136,old_swan,68.309,450994
R2137,old_swan,68.687,450994
R2138,old_swan,70.816,450994
R2139,sefton_park,71.369,403761
R2140,fazakerley,72.620,893192
R2141,everton,72.872,854444
R2142,birkenhead,72.170,959364
R2143,speke,69.157,713474
R2144,childwall,69.636,264601
R2145,everton,70.131,854444
R2146,wavertree,71.869,590436
R2147,west_derby,69.936,149963
R2148,bootle,71.292,172515
R2149,speke,70.778,713474
R2150,mossley_hill,70.887,441561
R2151,maghull,69.674,179585
R2152,crosby,71.755,689806
R2153,anfield,71.201,904697
R2154,garston,70.949,469591
R2155,fazakerley,71.680,893192
R2156,toxteth,70.612,320091
R2157,huyton,71.309,646081
R2158,aigburth,68.838,198018
R2159,knotty_ash,72.331,256746
R2160,broadgreen,70.534,109899
R2161,knotty_ash,70.847,256746
R2162,allerton,71.039,641044
R2163,maghull,69.647,179585
R2164,anfield,70.031,904697
R2165,kirkby,69.698,675976
R2166,west_derby,71.055,149963
R2167,kirkdale,72.485,583295
R2168,west_derby,71.721,149963
R2169,bootle,71.225,172515
R2170,knotty_ash,72.070,256746
R2171,allerton,69.894,641044
R2172,childwall,70.396,264601
R2173,huyton,68.461,646081
R2174,kirkdale,69.821,583295
R2175,maghull,72.261,179585
R2176,woolton,70.225,885148
R2177,speke,71.687,713474
R2178,bootle,71.883,172515
R2179,woolton,70.349,885148
R2180,toxteth,70.030,320091
R2181,knotty_ash,71.896,256746
R2182,bootle,69.569,172515
R2183,anfield,71.692,904697
R2184,garston,71.885,469591
R2185,knotty_ash,71.333,256746
R2186,old_swan,69.360,450994
R2187,kirkby,69.288,675976
R2188,sefton_park,70.230,403761
R2189,toxteth,70.442,320091
R2190,maghull,70.006,179585
R2191,crosby,70.222,689806
R2192,childwall,69.785,264601
R2193,garston,69.427,469591
R2194,speke,70.296,713474
R2195,old_swan,71.026,450994
R2196,crosby,69.438,689806
R2197,garston,69.964,469591
R2198,kirkby,71.151,675976
R2199,childwall,70.087,264601
R2200,aigburth,69.611,198018
R2201,wavertree,72.897,590436
R2202,prescot,70.775,867875
R2203,aigburth,69.731,198018
R2204,prescot,70.761,867875
R2205,garston,70.724,469591
R2206,everton,71.159,854444
R2207,bootle,70.577,172515
R2208,prescot,70.738,867875
R2209,childwall,71.212,264601
R2210,huyton,71.340,646081
R2211,broadgreen,70.807,109899
R2212,aigburth,69.223,198018
R2213,maghull,71.263,179585
R2214,childwall,68.541,264601
R2215,maghull,70.675,179585
R2216,garston,70.821,469591
R2217,speke,71.043,713474
R2218,speke,68.816,713474
R2219,fazakerley,72.201,893192
R2220,aigburth,70.723,198018
R2221,toxteth,71.134,320091
R2222,speke,68.795,713474
R2223,childwall,71.411,264601
R2224,wavertree,69.442,590436
R2225,kirkdale,70.483,583295
R2226,west_derby,71.964,149963
R2227,mossley_hill,71.588,441561
R2228,west_derby,71.735,149963
R2229,bootle,69.174,172515
R2230,maghull,70.990,179585
R2231,huyton,71.244,646081
R2232,broadgreen,71.923,109899
R2233,bootle,71.529,172515
R2234,crosby,67.503,689806
R2235,anfield,69.529,904697
R2236,maghull,70.435,179585
R2237,garston,72.206,469591
R2238,birkenhead,70.913,959364
R2239,huyton,71.250,646081
R2240,kirkdale,71.153,583295
R2241,broadgreen,70.822,109899
R2242,west_derby,68.623,149963
R2243,woolton,69.268,885148
R2244,woolton,70.672,885148
R2245,west_derby,69.767,149963
R2246,birkenhead,69.728,959364
R2247,wavertree,70.383,590436
R2248,woolton,70.734,885148
R2249,west_derby,71.810,149963
R2250,birkenhead,70.332,959364
R2251,everton,70.024,854444
R2252,anfield,70.845,904697
R2253,kirkdale,69.927,583295
R2254,knotty_ash,70.631,256746
R2255,speke,71.066,713474
R2256,allerton,70.816,641044
R2257,woolton,70.783,885148
R2258,maghull,68.879,179585
R2259,garston,71.839,469591
R2260,bootle,70.239,172515
R2261,crosby,68.975,689806
R2262,garston,69.919,469591
R2263,everton,70.102,854444
R2264,anfield,70.938,904697
R2265,everton,72.131,854444
R2266,kirkdale,71.440,583295
R2267,knotty_ash,69.847,256746
R2268,mossley_hill,70.704,441561
R2269,knotty_ash,70.516,256746
R2270,anfield,69.607,904697
R2271,anfield,70.244,904697
R2272,wavertree,71.047,590436
R2273,huyton,69.785,646081
R2274,speke,71.436,713474
R2275,woolton,70.129,885148
R2276,anfield,69.979,904697
R2277,kirkdale,70.442,583295
R2278,broadgreen,71.445,109899
R2279,anfield,70.674,904697
R2280,fazakerley,70.654,893192
R2281,birkenhead,72.006,959364
R2282,bootle,70.655,172515
R2283,garston,71.655,469591
R2284,huyton,68.224,646081
R2285,huyton,71.583,646081
R2286,prescot,72.441,867875
R2287,mossley_hill,70.807,441561
R2288,prescot,70.815,867875
R2289,kirkby,71.985,675976
R2290,knotty_ash,69.986,256746
R2291,crosby,68.675,689806
R2292,aigburth,71.547,198018
R2293,fazakerley,70.961,893192
R2294,old_swan,69.955,450994
R2295,aigburth,68.954,198018
R2296,anfield,70.409,904697
R2297,huyton,70.221,646081
R2298,aigburth,70.281,198018
R2299,wavertree,71.963,590436
R2300,wavertree,71.564,590436
R2301,maghull,71.189,179585
R2302,childwall,69.659,264601
R2303,fazakerley,71.248,893192
R2304,woolton,70.218,885148
R2305,aigburth,69.656,198018
R2306,mossley_hill,71.545,441561
R2307,everton,69.361,854444
R2308,bootle,70.146,172515
R2309,wavertree,70.866,590436
R2310,childwall,71.661,264601
R2311,west_derby,69.820,149963
R2312,woolton,70.096,885148
R2313,speke,71.214,713474
R2314,kirkby,70.532,675976
R2315,woolton,70.930,885148
R2316,sefton_park,70.548,403761
R2317,woolton,70.861,885148
R2318,toxteth,69.820,320091
R2319,fazakerley,70.330,893192
R2320,old_swan,70.734,450994
R2321,maghull,69.045,179585
R2322,kirkby,71.089,675976
R2323,speke,71.352,713474
R2324,old_swan,69.912,450994
R2325,speke,69.811,713474
R2326,prescot,71.451,867875
R2327,woolton,70.414,885148
R2328,knotty_ash,70.889,256746
R2329,broadgreen,70.073,109899
R2330,birkenhead,72.727,959364
R2331,west_derby,68.851,149963
R2332,woolton,71.022,885148
R2333,kirkby,72.215,675976
R2334,bootle,71.425,172515
R2335,west_derby,68.680,149963
R2336,knotty_ash,69.521,256746
R2337,anfield,68.018,904697
R2338,childwall,69.956,264601
R2339,huyton,68.460,646081
R2340,knotty_ash,68.316,256746
R2341,crosby,72.066,689806
R2342,west_derby,69.332,149963
R2343,toxteth,70.099,320091
R2344,crosby,68.698,689806
R2345,woolton,71.052,885148
R2346,wavertree,71.994,590436
R2347,speke,69.076,713474
R2348,kirkdale,70.765,583295
R2349,garston,69.405,469591
R2350,crosby,73.081,689806
R2351,knotty_ash,71.942,256746
R2352,fazakerley,69.887,893192
R2353,childwall,70.822,264601
R2354,anfield,69.686,904697
R2355,woolton,70.824,885148
R2356,wavertree,72.014,590436
R2357,woolton,70.349,885148
R2358,prescot,70.229,867875
R2359,huyton,70.542,646081
R2360,crosby,70.387,689806
R2361,old_swan,68.381,450994
R2362,anfield,68.690,904697
R2363,huyton,71.177,646081
R2364,garston,70.345,469591
R2365,childwall,70.899,264601
R2366,sefton_park,72.024,403761
R2367,kirkdale,71.524,583295
R2368,west_derby,72.161,149963
R2369,childwall,70.057,264601
R2370,old_swan,68.688,450994
R2371,toxteth,69.329,320091
R2372,maghull,69.791,179585
R2373,everton,72.128,854444
R2374,maghull,68.185,179585
R2375,huyton,70.950,646081
R2376,west_derby,69.444,149963
R2377,toxteth,69.773,320091
R2378,woolton,70.755,885148
R2379,crosby,70.362,689806
R2380,aigburth,70.979,198018
R2381,speke,69.447,713474
R2382,bootle,71.514,172515
R2383,huyton,69.386,646081
R2384,allerton,71.678,641044
R2385,woolton,70.748,885148
R2386,fazakerley,70.949,893192
R2387,sefton_park,71.443,403761
R2388,allerton,69.315,641044
R2389,crosby,71.347,689806
R2390,woolton,70.772,885148
R2391,crosby,70.253,689806
R2392,broadgreen,70.696,109899
R2393,knotty_ash,72.396,256746
R2394,west_derby,70.259,149963
R2395,woolton,70.340,885148
R2396,prescot,72.204,867875
R2397,garston,71.220,469591
R2398,garston,69.450,469591
R2399,knotty_ash,71.278,256746
R2400,prescot,70.339,867875
